siderophore_type,n_species,n_both,OR,phi,fisher_p
enterobactin,1360,484,2.0192313748289186,0.07338016694106615,6.07125303951301e-31
pyochelin,263,77,1.4584854354466215,0.01673974480487976,0.007106472812694287
pyoverdine,547,229,2.586238546754781,0.06728567548414573,3.5299119173578836e-25
hydroxamate,819,320,2.319152827049528,0.07101055402161509,1.850559554257547e-28
